scenario,obj,Coastal_South[1],Coastal_Northeast[1],South_Northeast[1],South_West[1],West_Northeast[1],West_Panhandle[1],Northeast_Panhandle[1],"ngo_rn[pv-old,West,1]","ngo_rn[pv-old,South,1]","ngo_rn[pv-new,Northeast,1]","ngo_rn[pv-new,West,1]","ngo_rn[pv-new,Coastal,1]","ngo_rn[pv-new,South,1]","ngo_rn[pv-new,Panhandle,1]","ngo_rn[csp-new,Northeast,1]","ngo_rn[csp-new,West,1]","ngo_rn[csp-new,Coastal,1]","ngo_rn[csp-new,South,1]","ngo_rn[csp-new,Panhandle,1]","ngo_rn[wind-old,Northeast,1]","ngo_rn[wind-old,West,1]","ngo_rn[wind-old,Coastal,1]","ngo_rn[wind-old,South,1]","ngo_rn[wind-old,Panhandle,1]","ngo_rn[wind-new,Northeast,1]","ngo_rn[wind-new,West,1]","ngo_rn[wind-new,Coastal,1]","ngo_rn[wind-new,South,1]","ngo_rn[wind-new,Panhandle,1]","ngo_th[coal-st-old1,Northeast,1]","ngo_th[coal-st-old1,West,1]","ngo_th[coal-st-old1,Coastal,1]","ngo_th[coal-st-old1,South,1]","ngo_th[coal-igcc-new,Northeast,1]","ngo_th[coal-igcc-new,West,1]","ngo_th[coal-igcc-new,Coastal,1]","ngo_th[coal-igcc-new,South,1]","ngo_th[coal-igcc-new,Panhandle,1]","ngo_th[coal-igcc-ccs-new,Northeast,1]","ngo_th[coal-igcc-ccs-new,West,1]","ngo_th[coal-igcc-ccs-new,Coastal,1]","ngo_th[coal-igcc-ccs-new,South,1]","ngo_th[coal-igcc-ccs-new,Panhandle,1]","ngo_th[ng-ct-old,Northeast,1]","ngo_th[ng-ct-old,West,1]","ngo_th[ng-ct-old,Coastal,1]","ngo_th[ng-ct-old,South,1]","ngo_th[ng-ct-old,Panhandle,1]","ngo_th[ng-cc-old,Northeast,1]","ngo_th[ng-cc-old,West,1]","ngo_th[ng-cc-old,Coastal,1]","ngo_th[ng-cc-old,South,1]","ngo_th[ng-st-old,Northeast,1]","ngo_th[ng-st-old,West,1]","ngo_th[ng-st-old,South,1]","ngo_th[ng-cc-new,Northeast,1]","ngo_th[ng-cc-new,West,1]","ngo_th[ng-cc-new,Coastal,1]","ngo_th[ng-cc-new,South,1]","ngo_th[ng-cc-new,Panhandle,1]","ngo_th[ng-cc-ccs-new,Northeast,1]","ngo_th[ng-cc-ccs-new,West,1]","ngo_th[ng-cc-ccs-new,Coastal,1]","ngo_th[ng-cc-ccs-new,South,1]","ngo_th[ng-cc-ccs-new,Panhandle,1]","ngo_th[ng-ct-new,Northeast,1]","ngo_th[ng-ct-new,West,1]","ngo_th[ng-ct-new,Coastal,1]","ngo_th[ng-ct-new,South,1]","ngo_th[ng-ct-new,Panhandle,1]","ngo_th[nuc-st-old,Northeast,1]","ngo_th[nuc-st-old,Coastal,1]","ngo_th[nuc-st-new,Northeast,1]","ngo_th[nuc-st-new,West,1]","ngo_th[nuc-st-new,Coastal,1]","ngo_th[nuc-st-new,South,1]","ngo_th[nuc-st-new,Panhandle,1]","ngo_th[coal-first-new,Northeast,1]","ngo_th[coal-first-new,West,1]","ngo_th[coal-first-new,Coastal,1]","ngo_th[coal-first-new,South,1]","ngo_th[coal-first-new,Panhandle,1]","nso[Li_ion,Northeast,1]","nso[Li_ion,West,1]","nso[Li_ion,Coastal,1]","nso[Li_ion,South,1]","nso[Li_ion,Panhandle,1]","nso[Lead_acid,Northeast,1]","nso[Lead_acid,West,1]","nso[Lead_acid,Coastal,1]","nso[Lead_acid,South,1]","nso[Lead_acid,Panhandle,1]","nso[Flow,Northeast,1]","nso[Flow,West,1]","nso[Flow,Coastal,1]","nso[Flow,South,1]","nso[Flow,Panhandle,1]",Coastal_South[2],Coastal_Northeast[2],South_Northeast[2],South_West[2],West_Northeast[2],West_Panhandle[2],Northeast_Panhandle[2],"ngo_rn[pv-old,West,2]","ngo_rn[pv-old,South,2]","ngo_rn[pv-new,Northeast,2]","ngo_rn[pv-new,West,2]","ngo_rn[pv-new,Coastal,2]","ngo_rn[pv-new,South,2]","ngo_rn[pv-new,Panhandle,2]","ngo_rn[csp-new,Northeast,2]","ngo_rn[csp-new,West,2]","ngo_rn[csp-new,Coastal,2]","ngo_rn[csp-new,South,2]","ngo_rn[csp-new,Panhandle,2]","ngo_rn[wind-old,Northeast,2]","ngo_rn[wind-old,West,2]","ngo_rn[wind-old,Coastal,2]","ngo_rn[wind-old,South,2]","ngo_rn[wind-old,Panhandle,2]","ngo_rn[wind-new,Northeast,2]","ngo_rn[wind-new,West,2]","ngo_rn[wind-new,Coastal,2]","ngo_rn[wind-new,South,2]","ngo_rn[wind-new,Panhandle,2]","ngo_th[coal-st-old1,Northeast,2]","ngo_th[coal-st-old1,West,2]","ngo_th[coal-st-old1,Coastal,2]","ngo_th[coal-st-old1,South,2]","ngo_th[coal-igcc-new,Northeast,2]","ngo_th[coal-igcc-new,West,2]","ngo_th[coal-igcc-new,Coastal,2]","ngo_th[coal-igcc-new,South,2]","ngo_th[coal-igcc-new,Panhandle,2]","ngo_th[coal-igcc-ccs-new,Northeast,2]","ngo_th[coal-igcc-ccs-new,West,2]","ngo_th[coal-igcc-ccs-new,Coastal,2]","ngo_th[coal-igcc-ccs-new,South,2]","ngo_th[coal-igcc-ccs-new,Panhandle,2]","ngo_th[ng-ct-old,Northeast,2]","ngo_th[ng-ct-old,West,2]","ngo_th[ng-ct-old,Coastal,2]","ngo_th[ng-ct-old,South,2]","ngo_th[ng-ct-old,Panhandle,2]","ngo_th[ng-cc-old,Northeast,2]","ngo_th[ng-cc-old,West,2]","ngo_th[ng-cc-old,Coastal,2]","ngo_th[ng-cc-old,South,2]","ngo_th[ng-st-old,Northeast,2]","ngo_th[ng-st-old,West,2]","ngo_th[ng-st-old,South,2]","ngo_th[ng-cc-new,Northeast,2]","ngo_th[ng-cc-new,West,2]","ngo_th[ng-cc-new,Coastal,2]","ngo_th[ng-cc-new,South,2]","ngo_th[ng-cc-new,Panhandle,2]","ngo_th[ng-cc-ccs-new,Northeast,2]","ngo_th[ng-cc-ccs-new,West,2]","ngo_th[ng-cc-ccs-new,Coastal,2]","ngo_th[ng-cc-ccs-new,South,2]","ngo_th[ng-cc-ccs-new,Panhandle,2]","ngo_th[ng-ct-new,Northeast,2]","ngo_th[ng-ct-new,West,2]","ngo_th[ng-ct-new,Coastal,2]","ngo_th[ng-ct-new,South,2]","ngo_th[ng-ct-new,Panhandle,2]","ngo_th[nuc-st-old,Northeast,2]","ngo_th[nuc-st-old,Coastal,2]","ngo_th[nuc-st-new,Northeast,2]","ngo_th[nuc-st-new,West,2]","ngo_th[nuc-st-new,Coastal,2]","ngo_th[nuc-st-new,South,2]","ngo_th[nuc-st-new,Panhandle,2]","ngo_th[coal-first-new,Northeast,2]","ngo_th[coal-first-new,West,2]","ngo_th[coal-first-new,Coastal,2]","ngo_th[coal-first-new,South,2]","ngo_th[coal-first-new,Panhandle,2]","nso[Li_ion,Northeast,2]","nso[Li_ion,West,2]","nso[Li_ion,Coastal,2]","nso[Li_ion,South,2]","nso[Li_ion,Panhandle,2]","nso[Lead_acid,Northeast,2]","nso[Lead_acid,West,2]","nso[Lead_acid,Coastal,2]","nso[Lead_acid,South,2]","nso[Lead_acid,Panhandle,2]","nso[Flow,Northeast,2]","nso[Flow,West,2]","nso[Flow,Coastal,2]","nso[Flow,South,2]","nso[Flow,Panhandle,2]",Coastal_South[3],Coastal_Northeast[3],South_Northeast[3],South_West[3],West_Northeast[3],West_Panhandle[3],Northeast_Panhandle[3],"ngo_rn[pv-old,West,3]","ngo_rn[pv-old,South,3]","ngo_rn[pv-new,Northeast,3]","ngo_rn[pv-new,West,3]","ngo_rn[pv-new,Coastal,3]","ngo_rn[pv-new,South,3]","ngo_rn[pv-new,Panhandle,3]","ngo_rn[csp-new,Northeast,3]","ngo_rn[csp-new,West,3]","ngo_rn[csp-new,Coastal,3]","ngo_rn[csp-new,South,3]","ngo_rn[csp-new,Panhandle,3]","ngo_rn[wind-old,Northeast,3]","ngo_rn[wind-old,West,3]","ngo_rn[wind-old,Coastal,3]","ngo_rn[wind-old,South,3]","ngo_rn[wind-old,Panhandle,3]","ngo_rn[wind-new,Northeast,3]","ngo_rn[wind-new,West,3]","ngo_rn[wind-new,Coastal,3]","ngo_rn[wind-new,South,3]","ngo_rn[wind-new,Panhandle,3]","ngo_th[coal-st-old1,Northeast,3]","ngo_th[coal-st-old1,West,3]","ngo_th[coal-st-old1,Coastal,3]","ngo_th[coal-st-old1,South,3]","ngo_th[coal-igcc-new,Northeast,3]","ngo_th[coal-igcc-new,West,3]","ngo_th[coal-igcc-new,Coastal,3]","ngo_th[coal-igcc-new,South,3]","ngo_th[coal-igcc-new,Panhandle,3]","ngo_th[coal-igcc-ccs-new,Northeast,3]","ngo_th[coal-igcc-ccs-new,West,3]","ngo_th[coal-igcc-ccs-new,Coastal,3]","ngo_th[coal-igcc-ccs-new,South,3]","ngo_th[coal-igcc-ccs-new,Panhandle,3]","ngo_th[ng-ct-old,Northeast,3]","ngo_th[ng-ct-old,West,3]","ngo_th[ng-ct-old,Coastal,3]","ngo_th[ng-ct-old,South,3]","ngo_th[ng-ct-old,Panhandle,3]","ngo_th[ng-cc-old,Northeast,3]","ngo_th[ng-cc-old,West,3]","ngo_th[ng-cc-old,Coastal,3]","ngo_th[ng-cc-old,South,3]","ngo_th[ng-st-old,Northeast,3]","ngo_th[ng-st-old,West,3]","ngo_th[ng-st-old,South,3]","ngo_th[ng-cc-new,Northeast,3]","ngo_th[ng-cc-new,West,3]","ngo_th[ng-cc-new,Coastal,3]","ngo_th[ng-cc-new,South,3]","ngo_th[ng-cc-new,Panhandle,3]","ngo_th[ng-cc-ccs-new,Northeast,3]","ngo_th[ng-cc-ccs-new,West,3]","ngo_th[ng-cc-ccs-new,Coastal,3]","ngo_th[ng-cc-ccs-new,South,3]","ngo_th[ng-cc-ccs-new,Panhandle,3]","ngo_th[ng-ct-new,Northeast,3]","ngo_th[ng-ct-new,West,3]","ngo_th[ng-ct-new,Coastal,3]","ngo_th[ng-ct-new,South,3]","ngo_th[ng-ct-new,Panhandle,3]","ngo_th[nuc-st-old,Northeast,3]","ngo_th[nuc-st-old,Coastal,3]","ngo_th[nuc-st-new,Northeast,3]","ngo_th[nuc-st-new,West,3]","ngo_th[nuc-st-new,Coastal,3]","ngo_th[nuc-st-new,South,3]","ngo_th[nuc-st-new,Panhandle,3]","ngo_th[coal-first-new,Northeast,3]","ngo_th[coal-first-new,West,3]","ngo_th[coal-first-new,Coastal,3]","ngo_th[coal-first-new,South,3]","ngo_th[coal-first-new,Panhandle,3]","nso[Li_ion,Northeast,3]","nso[Li_ion,West,3]","nso[Li_ion,Coastal,3]","nso[Li_ion,South,3]","nso[Li_ion,Panhandle,3]","nso[Lead_acid,Northeast,3]","nso[Lead_acid,West,3]","nso[Lead_acid,Coastal,3]","nso[Lead_acid,South,3]","nso[Lead_acid,Panhandle,3]","nso[Flow,Northeast,3]","nso[Flow,West,3]","nso[Flow,Coastal,3]","nso[Flow,South,3]","nso[Flow,Panhandle,3]",Coastal_South[4],Coastal_Northeast[4],South_Northeast[4],South_West[4],West_Northeast[4],West_Panhandle[4],Northeast_Panhandle[4],"ngo_rn[pv-old,West,4]","ngo_rn[pv-old,South,4]","ngo_rn[pv-new,Northeast,4]","ngo_rn[pv-new,West,4]","ngo_rn[pv-new,Coastal,4]","ngo_rn[pv-new,South,4]","ngo_rn[pv-new,Panhandle,4]","ngo_rn[csp-new,Northeast,4]","ngo_rn[csp-new,West,4]","ngo_rn[csp-new,Coastal,4]","ngo_rn[csp-new,South,4]","ngo_rn[csp-new,Panhandle,4]","ngo_rn[wind-old,Northeast,4]","ngo_rn[wind-old,West,4]","ngo_rn[wind-old,Coastal,4]","ngo_rn[wind-old,South,4]","ngo_rn[wind-old,Panhandle,4]","ngo_rn[wind-new,Northeast,4]","ngo_rn[wind-new,West,4]","ngo_rn[wind-new,Coastal,4]","ngo_rn[wind-new,South,4]","ngo_rn[wind-new,Panhandle,4]","ngo_th[coal-st-old1,Northeast,4]","ngo_th[coal-st-old1,West,4]","ngo_th[coal-st-old1,Coastal,4]","ngo_th[coal-st-old1,South,4]","ngo_th[coal-igcc-new,Northeast,4]","ngo_th[coal-igcc-new,West,4]","ngo_th[coal-igcc-new,Coastal,4]","ngo_th[coal-igcc-new,South,4]","ngo_th[coal-igcc-new,Panhandle,4]","ngo_th[coal-igcc-ccs-new,Northeast,4]","ngo_th[coal-igcc-ccs-new,West,4]","ngo_th[coal-igcc-ccs-new,Coastal,4]","ngo_th[coal-igcc-ccs-new,South,4]","ngo_th[coal-igcc-ccs-new,Panhandle,4]","ngo_th[ng-ct-old,Northeast,4]","ngo_th[ng-ct-old,West,4]","ngo_th[ng-ct-old,Coastal,4]","ngo_th[ng-ct-old,South,4]","ngo_th[ng-ct-old,Panhandle,4]","ngo_th[ng-cc-old,Northeast,4]","ngo_th[ng-cc-old,West,4]","ngo_th[ng-cc-old,Coastal,4]","ngo_th[ng-cc-old,South,4]","ngo_th[ng-st-old,Northeast,4]","ngo_th[ng-st-old,West,4]","ngo_th[ng-st-old,South,4]","ngo_th[ng-cc-new,Northeast,4]","ngo_th[ng-cc-new,West,4]","ngo_th[ng-cc-new,Coastal,4]","ngo_th[ng-cc-new,South,4]","ngo_th[ng-cc-new,Panhandle,4]","ngo_th[ng-cc-ccs-new,Northeast,4]","ngo_th[ng-cc-ccs-new,West,4]","ngo_th[ng-cc-ccs-new,Coastal,4]","ngo_th[ng-cc-ccs-new,South,4]","ngo_th[ng-cc-ccs-new,Panhandle,4]","ngo_th[ng-ct-new,Northeast,4]","ngo_th[ng-ct-new,West,4]","ngo_th[ng-ct-new,Coastal,4]","ngo_th[ng-ct-new,South,4]","ngo_th[ng-ct-new,Panhandle,4]","ngo_th[nuc-st-old,Northeast,4]","ngo_th[nuc-st-old,Coastal,4]","ngo_th[nuc-st-new,Northeast,4]","ngo_th[nuc-st-new,West,4]","ngo_th[nuc-st-new,Coastal,4]","ngo_th[nuc-st-new,South,4]","ngo_th[nuc-st-new,Panhandle,4]","ngo_th[coal-first-new,Northeast,4]","ngo_th[coal-first-new,West,4]","ngo_th[coal-first-new,Coastal,4]","ngo_th[coal-first-new,South,4]","ngo_th[coal-first-new,Panhandle,4]","nso[Li_ion,Northeast,4]","nso[Li_ion,West,4]","nso[Li_ion,Coastal,4]","nso[Li_ion,South,4]","nso[Li_ion,Panhandle,4]","nso[Lead_acid,Northeast,4]","nso[Lead_acid,West,4]","nso[Lead_acid,Coastal,4]","nso[Lead_acid,South,4]","nso[Lead_acid,Panhandle,4]","nso[Flow,Northeast,4]","nso[Flow,West,4]","nso[Flow,Coastal,4]","nso[Flow,South,4]","nso[Flow,Panhandle,4]",Coastal_South[5],Coastal_Northeast[5],South_Northeast[5],South_West[5],West_Northeast[5],West_Panhandle[5],Northeast_Panhandle[5],"ngo_rn[pv-old,West,5]","ngo_rn[pv-old,South,5]","ngo_rn[pv-new,Northeast,5]","ngo_rn[pv-new,West,5]","ngo_rn[pv-new,Coastal,5]","ngo_rn[pv-new,South,5]","ngo_rn[pv-new,Panhandle,5]","ngo_rn[csp-new,Northeast,5]","ngo_rn[csp-new,West,5]","ngo_rn[csp-new,Coastal,5]","ngo_rn[csp-new,South,5]","ngo_rn[csp-new,Panhandle,5]","ngo_rn[wind-old,Northeast,5]","ngo_rn[wind-old,West,5]","ngo_rn[wind-old,Coastal,5]","ngo_rn[wind-old,South,5]","ngo_rn[wind-old,Panhandle,5]","ngo_rn[wind-new,Northeast,5]","ngo_rn[wind-new,West,5]","ngo_rn[wind-new,Coastal,5]","ngo_rn[wind-new,South,5]","ngo_rn[wind-new,Panhandle,5]","ngo_th[coal-st-old1,Northeast,5]","ngo_th[coal-st-old1,West,5]","ngo_th[coal-st-old1,Coastal,5]","ngo_th[coal-st-old1,South,5]","ngo_th[coal-igcc-new,Northeast,5]","ngo_th[coal-igcc-new,West,5]","ngo_th[coal-igcc-new,Coastal,5]","ngo_th[coal-igcc-new,South,5]","ngo_th[coal-igcc-new,Panhandle,5]","ngo_th[coal-igcc-ccs-new,Northeast,5]","ngo_th[coal-igcc-ccs-new,West,5]","ngo_th[coal-igcc-ccs-new,Coastal,5]","ngo_th[coal-igcc-ccs-new,South,5]","ngo_th[coal-igcc-ccs-new,Panhandle,5]","ngo_th[ng-ct-old,Northeast,5]","ngo_th[ng-ct-old,West,5]","ngo_th[ng-ct-old,Coastal,5]","ngo_th[ng-ct-old,South,5]","ngo_th[ng-ct-old,Panhandle,5]","ngo_th[ng-cc-old,Northeast,5]","ngo_th[ng-cc-old,West,5]","ngo_th[ng-cc-old,Coastal,5]","ngo_th[ng-cc-old,South,5]","ngo_th[ng-st-old,Northeast,5]","ngo_th[ng-st-old,West,5]","ngo_th[ng-st-old,South,5]","ngo_th[ng-cc-new,Northeast,5]","ngo_th[ng-cc-new,West,5]","ngo_th[ng-cc-new,Coastal,5]","ngo_th[ng-cc-new,South,5]","ngo_th[ng-cc-new,Panhandle,5]","ngo_th[ng-cc-ccs-new,Northeast,5]","ngo_th[ng-cc-ccs-new,West,5]","ngo_th[ng-cc-ccs-new,Coastal,5]","ngo_th[ng-cc-ccs-new,South,5]","ngo_th[ng-cc-ccs-new,Panhandle,5]","ngo_th[ng-ct-new,Northeast,5]","ngo_th[ng-ct-new,West,5]","ngo_th[ng-ct-new,Coastal,5]","ngo_th[ng-ct-new,South,5]","ngo_th[ng-ct-new,Panhandle,5]","ngo_th[nuc-st-old,Northeast,5]","ngo_th[nuc-st-old,Coastal,5]","ngo_th[nuc-st-new,Northeast,5]","ngo_th[nuc-st-new,West,5]","ngo_th[nuc-st-new,Coastal,5]","ngo_th[nuc-st-new,South,5]","ngo_th[nuc-st-new,Panhandle,5]","ngo_th[coal-first-new,Northeast,5]","ngo_th[coal-first-new,West,5]","ngo_th[coal-first-new,Coastal,5]","ngo_th[coal-first-new,South,5]","ngo_th[coal-first-new,Panhandle,5]","nso[Li_ion,Northeast,5]","nso[Li_ion,West,5]","nso[Li_ion,Coastal,5]","nso[Li_ion,South,5]","nso[Li_ion,Panhandle,5]","nso[Lead_acid,Northeast,5]","nso[Lead_acid,West,5]","nso[Lead_acid,Coastal,5]","nso[Lead_acid,South,5]","nso[Lead_acid,Panhandle,5]","nso[Flow,Northeast,5]","nso[Flow,West,5]","nso[Flow,Coastal,5]","nso[Flow,South,5]","nso[Flow,Panhandle,5]"
1,79492.11077,0,1,0,2,1,0,3,5,12,0,0,0,0,0,0,0,0,0,0,7,89,14,11,32,0,0,0,0,15.7,11,1,4,11,0,0,0,0,0,0,0,0,0,0,2,3,4,36,1,22,4,9,15,5,1,3,0,0,17,0,0,0,0,0,0,0,0,0,0,0,0,2,2,0,0,0,0,0,0,0,0,0,0,0,0,0,0,0,0,0,0,0,0,0,0,0,0,0,0,1,0,2,1,0,4,5,12,0,0,0,0,0,0,0,0,0,0,7,89,14,11,32,0,0,0,0,31.4,11,1,4,11,0,0,0,0,0,0,0,0,0,0,2,3,4,36,1,22,4,8,15,5,1,3,7,0,20,18,0,0,0,0,0,0,0,0,0,0,0,2,2,0,0,0,0,0,0,0,0,0,0,0,0,0,0,0,0,0,0,0,0,0,0,0,0,0,0,1,0,2,1,0,5,5,12,0,15.7,0,0,15.7,0,0,0,0,0,7,89,14,11,32,0,0,0,0,47.1,11,1,4,11,0,0,0,0,0,0,0,0,0,0,2,3,4,36,1,22,4,8,15,5,1,3,7,0,20,18,0,0,0,0,0,0,0,0,0,0,0,2,2,0,0,0,0,0,0,0,0,0,0,0,0,0,0,0,0,0,0,0,0,0,0,0,0,0,0,2,0,3,1,1,5,5,12,11.612,47.099,0,0,47.099,0,0,0,0,0,7,89,14,11,32,0,0,0,0,78.499,11,1,4,11,0,0,0,0,0,0,0,0,0,0,2,3,4,36,1,22,4,6,15,5,0,3,7,0,20,18,0,0,0,0,0,0,0,0,0,0,0,2,2,0,0,0,0,0,0,0,0,0,0,0,0,0,0,0,0,0,0,0,0,0,0,0,0,0,0,4,0,3,1,2,7,5,12,11.612,78.498,0,11.612,78.498,0,0,0,0,0,7,89,14,11,32,0,0,0,0,109.898,11,1,4,11,0,0,0,0,0,0,0,0,0,0,2,3,3,36,1,22,4,6,15,5,0,3,7,0,20,18,0,0,0,0,0,0,0,0,0,0,0,2,2,0,0,0,0,0,0,0,0,0,0,0,0,0,0,0,0,0,0,0,0,0,0,0,0,0
2,79492.11077,0,1,0,2,1,0,3,5,12,0,0,0,0,0,0,0,0,0,0,7,89,14,11,32,0,0,0,0,15.7,11,1,4,11,0,0,0,0,0,0,0,0,0,0,2,3,4,36,1,22,4,9,15,5,1,3,0,0,17,0,0,0,0,0,0,0,0,0,0,0,0,2,2,0,0,0,0,0,0,0,0,0,0,0,0,0,0,0,0,0,0,0,0,0,0,0,0,0,0,1,0,2,1,0,4,5,12,0,0,0,0,0,0,0,0,0,0,7,89,14,11,32,0,0,0,0,31.4,11,1,4,11,0,0,0,0,0,0,0,0,0,0,2,3,4,36,1,22,4,8,15,5,1,3,7,0,20,18,0,0,0,0,0,0,0,0,0,0,0,2,2,0,0,0,0,0,0,0,0,0,0,0,0,0,0,0,0,0,0,0,0,0,0,0,0,0,0,1,0,2,1,0,5,5,12,0,15.7,0,0,15.7,0,0,0,0,0,7,89,14,11,32,0,0,0,0,47.1,11,1,4,11,0,0,0,0,0,0,0,0,0,0,2,3,4,36,1,22,4,8,15,5,1,3,7,0,20,18,0,0,0,0,0,0,0,0,0,0,0,2,2,0,0,0,0,0,0,0,0,0,0,0,0,0,0,0,0,0,0,0,0,0,0,0,0,0,0,2,0,3,1,1,5,5,12,11.612,47.099,0,0,47.099,0,0,0,0,0,7,89,14,11,32,0,0,0,0,78.499,11,1,4,11,0,0,0,0,0,0,0,0,0,0,2,3,4,36,1,22,4,6,15,5,0,3,7,0,20,18,0,0,0,0,0,0,0,0,0,0,0,2,2,0,0,0,0,0,0,0,0,0,0,0,0,0,0,0,0,0,0,0,0,0,0,0,0,0,0,4,0,3,1,2,7,5,12,11.612,78.498,0,11.612,78.498,0,0,0,0,0,7,89,14,11,32,0,0,0,0,109.898,11,1,4,11,0,0,0,0,0,0,0,0,0,0,2,3,3,36,1,22,4,6,15,5,0,3,7,0,20,18,0,0,0,0,0,0,0,0,0,0,0,2,2,0,0,0,0,0,0,0,0,0,0,0,0,0,0,0,0,0,0,0,0,0,0,0,0,0
3,79492.11077,0,1,0,2,1,0,3,5,12,0,0,0,0,0,0,0,0,0,0,7,89,14,11,32,0,0,0,0,15.7,11,1,4,11,0,0,0,0,0,0,0,0,0,0,2,3,4,36,1,22,4,9,15,5,1,3,0,0,17,0,0,0,0,0,0,0,0,0,0,0,0,2,2,0,0,0,0,0,0,0,0,0,0,0,0,0,0,0,0,0,0,0,0,0,0,0,0,0,0,1,0,2,1,0,4,5,12,0,0,0,0,0,0,0,0,0,0,7,89,14,11,32,0,0,0,0,31.4,11,1,4,11,0,0,0,0,0,0,0,0,0,0,2,3,4,36,1,22,4,8,15,5,1,3,7,0,20,18,0,0,0,0,0,0,0,0,0,0,0,2,2,0,0,0,0,0,0,0,0,0,0,0,0,0,0,0,0,0,0,0,0,0,0,0,0,0,0,1,0,2,1,0,5,5,12,0,15.7,0,0,15.7,0,0,0,0,0,7,89,14,11,32,0,0,0,0,47.1,11,1,4,11,0,0,0,0,0,0,0,0,0,0,2,3,4,36,1,22,4,8,15,5,1,3,7,0,20,18,0,0,0,0,0,0,0,0,0,0,0,2,2,0,0,0,0,0,0,0,0,0,0,0,0,0,0,0,0,0,0,0,0,0,0,0,0,0,0,2,0,3,1,1,5,5,12,11.612,47.099,0,0,47.099,0,0,0,0,0,7,89,14,11,32,0,0,0,0,78.499,11,1,4,11,0,0,0,0,0,0,0,0,0,0,2,3,4,36,1,22,4,6,15,5,0,3,7,0,20,18,0,0,0,0,0,0,0,0,0,0,0,2,2,0,0,0,0,0,0,0,0,0,0,0,0,0,0,0,0,0,0,0,0,0,0,0,0,0,0,4,0,3,1,2,7,5,12,11.612,78.498,0,11.612,78.498,0,0,0,0,0,7,89,14,11,32,0,0,0,0,109.898,11,1,4,11,0,0,0,0,0,0,0,0,0,0,2,3,3,36,1,22,4,6,15,5,0,3,7,0,20,18,0,0,0,0,0,0,0,0,0,0,0,2,2,0,0,0,0,0,0,0,0,0,0,0,0,0,0,0,0,0,0,0,0,0,0,0,0,0
Benders obj,79007.02523,,,,,,,,,,,,,,,,,,,,,,,,,,,,,,,,,,,,,,,,,,,,,,,,,,,,,,,,,,,,,,,,,,,,,,,,,,,,,,,,,,,,,,,,,,,,,,,,,,,,,,,,,,,,,,,,,,,,,,,,,,,,,,,,,,,,,,,,,,,,,,,,,,,,,,,,,,,,,,,,,,,,,,,,,,,,,,,,,,,,,,,,,,,,,,,,,,,,,,,,,,,,,,,,,,,,,,,,,,,,,,,,,,,,,,,,,,,,,,,,,,,,,,,,,,,,,,,,,,,,,,,,,,,,,,,,,,,,,,,,,,,,,,,,,,,,,,,,,,,,,,,,,,,,,,,,,,,,,,,,,,,,,,,,,,,,,,,,,,,,,,,,,,,,,,,,,,,,,,,,,,,,,,,,,,,,,,,,,,,,,,,,,,,,,,,,,,,,,,,,,,,,,,,,,,,,,,,,,,,,,,,,,,,,,,,,,,,,,,,,,,,,,,,,,,,,,,,,,,,,,,,,,,,,,,,,,,,,,,,,,,,,,
heuristic obj,79492.11077,,,,,,,,,,,,,,,,,,,,,,,,,,,,,,,,,,,,,,,,,,,,,,,,,,,,,,,,,,,,,,,,,,,,,,,,,,,,,,,,,,,,,,,,,,,,,,,,,,,,,,,,,,,,,,,,,,,,,,,,,,,,,,,,,,,,,,,,,,,,,,,,,,,,,,,,,,,,,,,,,,,,,,,,,,,,,,,,,,,,,,,,,,,,,,,,,,,,,,,,,,,,,,,,,,,,,,,,,,,,,,,,,,,,,,,,,,,,,,,,,,,,,,,,,,,,,,,,,,,,,,,,,,,,,,,,,,,,,,,,,,,,,,,,,,,,,,,,,,,,,,,,,,,,,,,,,,,,,,,,,,,,,,,,,,,,,,,,,,,,,,,,,,,,,,,,,,,,,,,,,,,,,,,,,,,,,,,,,,,,,,,,,,,,,,,,,,,,,,,,,,,,,,,,,,,,,,,,,,,,,,,,,,,,,,,,,,,,,,,,,,,,,,,,,,,,,,,,,,,,,,,,,,,,,,,,,,,,,,,,,,,,,
gap,0.00610231,,,,,,,,,,,,,,,,,,,,,,,,,,,,,,,,,,,,,,,,,,,,,,,,,,,,,,,,,,,,,,,,,,,,,,,,,,,,,,,,,,,,,,,,,,,,,,,,,,,,,,,,,,,,,,,,,,,,,,,,,,,,,,,,,,,,,,,,,,,,,,,,,,,,,,,,,,,,,,,,,,,,,,,,,,,,,,,,,,,,,,,,,,,,,,,,,,,,,,,,,,,,,,,,,,,,,,,,,,,,,,,,,,,,,,,,,,,,,,,,,,,,,,,,,,,,,,,,,,,,,,,,,,,,,,,,,,,,,,,,,,,,,,,,,,,,,,,,,,,,,,,,,,,,,,,,,,,,,,,,,,,,,,,,,,,,,,,,,,,,,,,,,,,,,,,,,,,,,,,,,,,,,,,,,,,,,,,,,,,,,,,,,,,,,,,,,,,,,,,,,,,,,,,,,,,,,,,,,,,,,,,,,,,,,,,,,,,,,,,,,,,,,,,,,,,,,,,,,,,,,,,,,,,,,,,,,,,,,,,,,,,,,
Benders decomposition solve time,43200.19796,,,,,,,,,,,,,,,,,,,,,,,,,,,,,,,,,,,,,,,,,,,,,,,,,,,,,,,,,,,,,,,,,,,,,,,,,,,,,,,,,,,,,,,,,,,,,,,,,,,,,,,,,,,,,,,,,,,,,,,,,,,,,,,,,,,,,,,,,,,,,,,,,,,,,,,,,,,,,,,,,,,,,,,,,,,,,,,,,,,,,,,,,,,,,,,,,,,,,,,,,,,,,,,,,,,,,,,,,,,,,,,,,,,,,,,,,,,,,,,,,,,,,,,,,,,,,,,,,,,,,,,,,,,,,,,,,,,,,,,,,,,,,,,,,,,,,,,,,,,,,,,,,,,,,,,,,,,,,,,,,,,,,,,,,,,,,,,,,,,,,,,,,,,,,,,,,,,,,,,,,,,,,,,,,,,,,,,,,,,,,,,,,,,,,,,,,,,,,,,,,,,,,,,,,,,,,,,,,,,,,,,,,,,,,,,,,,,,,,,,,,,,,,,,,,,,,,,,,,,,,,,,,,,,,,,,,,,,,,,,,,,,,
heuristic_solve_time,97.36324978,,,,,,,,,,,,,,,,,,,,,,,,,,,,,,,,,,,,,,,,,,,,,,,,,,,,,,,,,,,,,,,,,,,,,,,,,,,,,,,,,,,,,,,,,,,,,,,,,,,,,,,,,,,,,,,,,,,,,,,,,,,,,,,,,,,,,,,,,,,,,,,,,,,,,,,,,,,,,,,,,,,,,,,,,,,,,,,,,,,,,,,,,,,,,,,,,,,,,,,,,,,,,,,,,,,,,,,,,,,,,,,,,,,,,,,,,,,,,,,,,,,,,,,,,,,,,,,,,,,,,,,,,,,,,,,,,,,,,,,,,,,,,,,,,,,,,,,,,,,,,,,,,,,,,,,,,,,,,,,,,,,,,,,,,,,,,,,,,,,,,,,,,,,,,,,,,,,,,,,,,,,,,,,,,,,,,,,,,,,,,,,,,,,,,,,,,,,,,,,,,,,,,,,,,,,,,,,,,,,,,,,,,,,,,,,,,,,,,,,,,,,,,,,,,,,,,,,,,,,,,,,,,,,,,,,,,,,,,,,,,,,,,
total wall time,44745.59915,,,,,,,,,,,,,,,,,,,,,,,,,,,,,,,,,,,,,,,,,,,,,,,,,,,,,,,,,,,,,,,,,,,,,,,,,,,,,,,,,,,,,,,,,,,,,,,,,,,,,,,,,,,,,,,,,,,,,,,,,,,,,,,,,,,,,,,,,,,,,,,,,,,,,,,,,,,,,,,,,,,,,,,,,,,,,,,,,,,,,,,,,,,,,,,,,,,,,,,,,,,,,,,,,,,,,,,,,,,,,,,,,,,,,,,,,,,,,,,,,,,,,,,,,,,,,,,,,,,,,,,,,,,,,,,,,,,,,,,,,,,,,,,,,,,,,,,,,,,,,,,,,,,,,,,,,,,,,,,,,,,,,,,,,,,,,,,,,,,,,,,,,,,,,,,,,,,,,,,,,,,,,,,,,,,,,,,,,,,,,,,,,,,,,,,,,,,,,,,,,,,,,,,,,,,,,,,,,,,,,,,,,,,,,,,,,,,,,,,,,,,,,,,,,,,,,,,,,,,,,,,,,,,,,,,,,,,,,,,,,,,,,
,,,,,,,,,,,,,,,,,,,,,,,,,,,,,,,,,,,,,,,,,,,,,,,,,,,,,,,,,,,,,,,,,,,,,,,,,,,,,,,,,,,,,,,,,,,,,,,,,,,,,,,,,,,,,,,,,,,,,,,,,,,,,,,,,,,,,,,,,,,,,,,,,,,,,,,,,,,,,,,,,,,,,,,,,,,,,,,,,,,,,,,,,,,,,,,,,,,,,,,,,,,,,,,,,,,,,,,,,,,,,,,,,,,,,,,,,,,,,,,,,,,,,,,,,,,,,,,,,,,,,,,,,,,,,,,,,,,,,,,,,,,,,,,,,,,,,,,,,,,,,,,,,,,,,,,,,,,,,,,,,,,,,,,,,,,,,,,,,,,,,,,,,,,,,,,,,,,,,,,,,,,,,,,,,,,,,,,,,,,,,,,,,,,,,,,,,,,,,,,,,,,,,,,,,,,,,,,,,,,,,,,,,,,,,,,,,,,,,,,,,,,,,,,,,,,,,,,,,,,,,,,,,,,,,,,,,,,,,,,,,,,,,,
,,,,,,,,,,,,,,,,,,,,,,,,,,,,,,,,,,,,,,,,,,,,,,,,,,,,,,,,,,,,,,,,,,,,,,,,,,,,,,,,,,,,,,,,,,,,,,,,,,,,,,,,,,,,,,,,,,,,,,,,,,,,,,,,,,,,,,,,,,,,,,,,,,,,,,,,,,,,,,,,,,,,,,,,,,,,,,,,,,,,,,,,,,,,,,,,,,,,,,,,,,,,,,,,,,,,,,,,,,,,,,,,,,,,,,,,,,,,,,,,,,,,,,,,,,,,,,,,,,,,,,,,,,,,,,,,,,,,,,,,,,,,,,,,,,,,,,,,,,,,,,,,,,,,,,,,,,,,,,,,,,,,,,,,,,,,,,,,,,,,,,,,,,,,,,,,,,,,,,,,,,,,,,,,,,,,,,,,,,,,,,,,,,,,,,,,,,,,,,,,,,,,,,,,,,,,,,,,,,,,,,,,,,,,,,,,,,,,,,,,,,,,,,,,,,,,,,,,,,,,,,,,,,,,,,,,,,,,,,,,,,,,,,
"0.3, 1.0, 1.3",,,,,,,,,,,,,,,,,,,,,,,,,,,,,,,,,,,,,,,,,,,,,,,,,,,,,,,,,,,,,,,,,,,,,,,,,,,,,,,,,,,,,,,,,,,,,,,,,,,,,,,,,,,,,,,,,,,,,,,,,,,,,,,,,,,,,,,,,,,,,,,,,,,,,,,,,,,,,,,,,,,,,,,,,,,,,,,,,,,,,,,,,,,,,,,,,,,,,,,,,,,,,,,,,,,,,,,,,,,,,,,,,,,,,,,,,,,,,,,,,,,,,,,,,,,,,,,,,,,,,,,,,,,,,,,,,,,,,,,,,,,,,,,,,,,,,,,,,,,,,,,,,,,,,,,,,,,,,,,,,,,,,,,,,,,,,,,,,,,,,,,,,,,,,,,,,,,,,,,,,,,,,,,,,,,,,,,,,,,,,,,,,,,,,,,,,,,,,,,,,,,,,,,,,,,,,,,,,,,,,,,,,,,,,,,,,,,,,,,,,,,,,,,,,,,,,,,,,,,,,,,,,,,,,,,,,,,,,,,,,,,,,,
high ng,,,,,,,,,,,,,,,,,,,,,,,,,,,,,,,,,,,,,,,,,,,,,,,,,,,,,,,,,,,,,,,,,,,,,,,,,,,,,,,,,,,,,,,,,,,,,,,,,,,,,,,,,,,,,,,,,,,,,,,,,,,,,,,,,,,,,,,,,,,,,,,,,,,,,,,,,,,,,,,,,,,,,,,,,,,,,,,,,,,,,,,,,,,,,,,,,,,,,,,,,,,,,,,,,,,,,,,,,,,,,,,,,,,,,,,,,,,,,,,,,,,,,,,,,,,,,,,,,,,,,,,,,,,,,,,,,,,,,,,,,,,,,,,,,,,,,,,,,,,,,,,,,,,,,,,,,,,,,,,,,,,,,,,,,,,,,,,,,,,,,,,,,,,,,,,,,,,,,,,,,,,,,,,,,,,,,,,,,,,,,,,,,,,,,,,,,,,,,,,,,,,,,,,,,,,,,,,,,,,,,,,,,,,,,,,,,,,,,,,,,,,,,,,,,,,,,,,,,,,,,,,,,,,,,,,,,,,,,,,,,,,,,,